{
  "coords": [
    {
      "map": "Africa",
      "lon1": -5.64523,
      "lat1": 35.82885,
      "x1": 26.5,
      "y1": 11,
      "lon2": 32.185023,
      "lat2": -28.2260007,
      "x2": 67.1,
      "y2": 86.8
    },
    {
      "map": "Europe",
      "lon1": 69.875731,
      "lat1": 33.998158,
      "x1": 30,
      "y1": 30,
      "lon2": 92.427367,
      "lat2": 10.512585,
      "x2": 90,
      "y2": 90
    },
    {
      "map": "India",
      "lon1": 69.875731,
      "lat1": 33.998158,
      "x1": 40,
      "y1": 30,
      "lon2": 92.427367,
      "lat2": 10.512585,
      "x2": 90,
      "y2": 90
    }
  ]
}
