{
  "coords": [
    {
      "map": "Africa",
      "lon1": -5.64523,
      "lat1": 35.82885,
      "x1": 26.5,
      "y1": 11,
      "lon2": 32.185023,
      "lat2": -28.2260007,
      "x2": 67.1,
      "y2": 86.8
    },
    {
      "map": "Europe",
      "lon1": -19.033628,
      "lat1": 63.401387,
      "x1": 18.5,
      "y1": 25.5,
      "lon2": 34.966685,
      "lat2": 32.260518,
      "x2": 96.5,
      "y2": 89.6
    },
    {
      "map": "India",
      "lon1": 70.477764,
      "lat1": 28.013114,
      "x1": 19,
      "y1": 13,
      "lon2": 93.814374,
      "lat2": 6.734959,
      "x2": 95,
      "y2": 89.5
    }
  ]
}
